-- 示例数据（INSERT IGNORE 避免重复插入）

INSERT IGNORE INTO address_data (site, address, river, pollution_index, alert_number, alert_time, alert_level, longitude, latitude, water_quality, garbage_number, metal_number, organism_number) VALUES
('瑶湖', '江西省南昌市高新区瑶湖郊野公园', '瑶湖', 0.35, 3, '2026-04-10 08:30:00', '黄色预警', 116.010000, 28.680000, '良好', 12, 0.0230, 0.0150),
('青山湖', '江西省南昌市青山湖区青山湖风景区', '青山湖', 0.52, 5, '2026-04-08 14:20:00', '橙色预警', 115.950000, 28.690000, '轻度污染', 28, 0.0450, 0.0280),
('赣江', '江西省南昌市东湖区赣江大桥段', '赣江', 0.41, 4, '2026-04-09 10:15:00', '黄色预警', 115.890000, 28.680000, '良好', 18, 0.0310, 0.0190),
('艾溪湖', '江西省南昌市高新区艾溪湖湿地公园', '艾溪湖', 0.28, 2, '2026-04-12 09:00:00', '蓝色预警', 115.980000, 28.700000, '优', 8, 0.0180, 0.0120),
('抚河', '江西省南昌市西湖区抚河故道', '抚河', 0.67, 7, '2026-04-07 16:45:00', '红色预警', 115.940000, 28.630000, '中度污染', 35, 0.0580, 0.0380),
('鄱阳湖', '江西省南昌市新建区鄱阳湖南矶湿地', '鄱阳湖', 0.22, 1, '2026-04-11 07:00:00', '蓝色预警', 116.300000, 29.150000, '优', 5, 0.0120, 0.0090);

INSERT IGNORE INTO device (type, status, update_time, site_id, `interval`) VALUES
('温度传感器', '在线', '2026-04-15 10:00:00', '瑶湖', 60),
('pH传感器', '在线', '2026-04-15 10:00:00', '瑶湖', 60),
('高清摄像头', '在线', '2026-04-15 10:00:00', '瑶湖', 30),
('温度传感器', '在线', '2026-04-15 10:05:00', '青山湖', 60),
('pH传感器', '维修', '2026-04-14 18:30:00', '青山湖', 60),
('高清摄像头', '在线', '2026-04-15 10:05:00', '青山湖', 30),
('温度传感器', '在线', '2026-04-15 09:55:00', '赣江', 60),
('pH传感器', '在线', '2026-04-15 09:55:00', '赣江', 60),
('高清摄像头', '离线', '2026-04-13 22:10:00', '赣江', 30),
('温度传感器', '在线', '2026-04-15 10:10:00', '艾溪湖', 60),
('pH传感器', '在线', '2026-04-15 10:10:00', '艾溪湖', 60),
('高清摄像头', '在线', '2026-04-15 10:10:00', '艾溪湖', 30),
('温度传感器', '在线', '2026-04-15 09:50:00', '抚河', 60),
('pH传感器', '在线', '2026-04-15 09:50:00', '抚河', 60),
('高清摄像头', '在线', '2026-04-15 09:50:00', '抚河', 30),
('温度传感器', '在线', '2026-04-15 10:15:00', '鄱阳湖', 120),
('pH传感器', '在线', '2026-04-15 10:15:00', '鄱阳湖', 120),
('高清摄像头', '在线', '2026-04-15 10:15:00', '鄱阳湖', 60);

INSERT IGNORE INTO `user` (account, password, name, gender, mail, photo, role) VALUES
('admin', '123456', '系统管理员', '男', 'admin@water.com', '/images/admin.png', 'admin'),
('zhangsan', '123456', '张三', '男', 'zhangsan@qq.com', '/images/zhangsan.png', '管理员'),
('lisi', '123456', '李四', '女', 'lisi@qq.com', '/images/lisi.png', '普通用户'),
('wangwu', '123456', '王五', '男', 'wangwu@qq.com', '/images/wangwu.png', '普通用户'),
('zhaoliu', '123456', '赵六', '女', 'zhaoliu@qq.com', '/images/zhaoliu.png', '管理员');

INSERT IGNORE INTO notice (title, name, content, release_time) VALUES
('关于加强赣江流域水质监测的通知', '系统管理员', '根据省环保厅最新要求，自2026年4月起，赣江流域各监测站点需将数据采集频率提高至每30分钟一次。', '2026-04-01 09:00:00'),
('2026年第一季度水质监测报告发布', '张三', '2026年第一季度南昌市主要水体水质监测报告已发布。', '2026-04-05 14:30:00'),
('青山湖pH传感器维修通知', '赵六', '青山湖站点pH传感器于2026年4月14日出现故障，已安排技术人员进行维修。', '2026-04-14 18:00:00'),
('关于开展水体污染应急演练的通知', '系统管理员', '为提升水体污染应急处置能力，定于2026年4月20日在抚河监测站点开展应急演练。', '2026-04-10 10:00:00'),
('新增鄱阳湖深层水质监测设备', '张三', '鄱阳湖监测站新增一套深层水质自动监测设备，设备已调试完毕。', '2026-04-12 11:00:00');

INSERT IGNORE INTO warning (site, warning, value, time) VALUES
('抚河', 'pH值异常偏低', 5.8000, '2026-04-07 16:45:00'),
('抚河', '溶解氧浓度低于标准值', 3.2000, '2026-04-07 17:00:00'),
('青山湖', '重金属铅含量超标', 0.0850, '2026-04-08 14:20:00'),
('赣江', '总磷含量超标', 0.4200, '2026-04-09 10:15:00'),
('瑶湖', '藻类密度偏高', 0.0350, '2026-04-10 08:30:00'),
('鄱阳湖', '水位持续下降', 8.5000, '2026-04-11 07:00:00');

INSERT IGNORE INTO water_data (temperature, ph, amount, dissolved_oxygen_concentration, turbidity, site_id, t1, t2, t3, t4, t5, t6, t7, a1, a2, a3, a4, a5, a6, a7, p1, p2, p3, p4, p5, p6, p7) VALUES
(22.50, 7.20, 520.00, 7.80, 15.30, '瑶湖', 21.00, 21.50, 22.00, 22.30, 22.80, 23.00, 22.50, 500.00, 510.00, 515.00, 520.00, 525.00, 518.00, 520.00, 7.10, 7.15, 7.18, 7.20, 7.22, 7.19, 7.20),
(24.30, 6.80, 380.00, 5.60, 42.50, '青山湖', 23.00, 23.50, 24.00, 24.20, 24.80, 25.00, 24.30, 370.00, 375.00, 378.00, 380.00, 382.00, 379.00, 380.00, 6.70, 6.75, 6.78, 6.80, 6.82, 6.79, 6.80),
(21.80, 7.50, 650.00, 8.20, 22.10, '赣江', 20.50, 21.00, 21.30, 21.80, 22.00, 21.90, 21.80, 630.00, 640.00, 645.00, 650.00, 655.00, 648.00, 650.00, 7.40, 7.45, 7.48, 7.50, 7.52, 7.49, 7.50),
(20.60, 7.80, 450.00, 9.10, 8.50, '艾溪湖', 19.50, 19.80, 20.00, 20.30, 20.80, 21.00, 20.60, 440.00, 445.00, 448.00, 450.00, 452.00, 449.00, 450.00, 7.70, 7.75, 7.78, 7.80, 7.82, 7.79, 7.80),
(25.80, 6.20, 280.00, 4.30, 68.70, '抚河', 24.50, 25.00, 25.30, 25.80, 26.20, 26.00, 25.80, 270.00, 275.00, 278.00, 280.00, 282.00, 279.00, 280.00, 6.10, 6.15, 6.18, 6.20, 6.22, 6.19, 6.20),
(19.20, 8.10, 780.00, 9.80, 5.20, '鄱阳湖', 18.00, 18.50, 18.80, 19.00, 19.50, 19.80, 19.20, 760.00, 768.00, 772.00, 780.00, 785.00, 778.00, 780.00, 8.00, 8.05, 8.08, 8.10, 8.12, 8.09, 8.10);

INSERT IGNORE INTO feedback (time, account, content, site) VALUES
('2026-04-08 09:30:00', 'lisi', '抚河监测站附近发现大面积绿色藻类，建议加强巡查。', '抚河'),
('2026-04-09 15:20:00', 'wangwu', '赣江大桥段水质近期明显变差，河面有油污漂浮。', '赣江'),
('2026-04-10 11:00:00', 'zhangsan', '青山湖pH传感器数据异常，建议尽快安排维修。', '青山湖'),
('2026-04-12 16:45:00', 'zhaoliu', '艾溪湖湿地公园游客增多，建议增加垃圾清理频次。', '艾溪湖'),
('2026-04-14 08:15:00', 'lisi', '瑶湖水位近期持续下降，建议关注上游取水情况。', '瑶湖');

INSERT IGNORE INTO turbidity (site, phos, sulfur, calcium, turbidity) VALUES
('瑶湖', 0.1200, 0.0800, 45.2000, 15.30),
('青山湖', 0.2800, 0.1500, 52.8000, 42.50),
('赣江', 0.1800, 0.1100, 38.6000, 22.10),
('艾溪湖', 0.0800, 0.0500, 42.1000, 8.50),
('抚河', 0.4500, 0.2800, 58.3000, 68.70),
('鄱阳湖', 0.0500, 0.0300, 35.8000, 5.20);

INSERT IGNORE INTO dissolved_oxygen (sulfate, nitrate, permanganate, ph, conductivity, site_id) VALUES
(85.3000, 3.2000, 4.5000, 7.20, 680.00, '瑶湖'),
(120.5000, 5.8000, 6.8000, 6.80, 920.00, '青山湖'),
(95.2000, 3.8000, 5.2000, 7.50, 750.00, '赣江'),
(72.8000, 2.5000, 3.8000, 7.80, 520.00, '艾溪湖'),
(158.6000, 8.2000, 9.5000, 6.20, 1250.00, '抚河'),
(65.4000, 2.1000, 3.2000, 8.10, 450.00, '鄱阳湖');

INSERT IGNORE INTO mental (element, content, device_id, exception_area, warning_time, content1, content2, content3, content4, content5, exist_content) VALUES
('铅(Pb)', 0.085000, 5, '青山湖东北角排水口附近', '2026-04-08 14:20:00', 0.050, 0.060, 0.072, 0.080, 0.085, 0.082),
('镉(Cd)', 0.005200, 5, '青山湖西南角', '2026-04-08 15:30:00', 0.003, 0.003, 0.004, 0.005, 0.005, 0.005),
('汞(Hg)', 0.000150, 13, '抚河中段工业排放口', '2026-04-07 17:00:00', 0.0001, 0.0001, 0.0001, 0.0002, 0.0002, 0.0001),
('铬(Cr)', 0.035000, 8, '赣江南支桥下', '2026-04-09 11:00:00', 0.020, 0.025, 0.028, 0.032, 0.035, 0.033),
('砷(As)', 0.012000, 13, '抚河下游居民区段', '2026-04-10 08:00:00', 0.008, 0.009, 0.010, 0.011, 0.012, 0.011);

INSERT IGNORE INTO ph (ph, exception, exception_area, warning_time) VALUES
(5.80, 'pH值严重偏低，疑似工业废水排放', '抚河中段工业排放口', '2026-04-07 16:45:00'),
(6.20, 'pH值偏低，水质偏酸性', '抚河下游居民区段', '2026-04-08 09:00:00'),
(8.80, 'pH值偏高，疑似碱性废水排入', '青山湖北岸施工区', '2026-04-09 13:30:00'),
(6.50, 'pH值略低，需持续关注', '赣江南支桥下', '2026-04-10 11:00:00'),
(5.50, 'pH值异常偏低，水体酸化严重', '抚河上游工厂段', '2026-04-12 08:30:00');

INSERT IGNORE INTO garbage (device_id, exception, exception_area, warning_time, content1, content2, content3, content4, content5, exist_content) VALUES
(6, '河面漂浮大量塑料垃圾', '青山湖东岸', '2026-04-08 10:00:00', '塑料瓶35个', '塑料袋20个', '泡沫箱5个', '废弃渔网2张', '其他垃圾15件', '塑料瓶28个'),
(9, '河岸堆积生活垃圾', '赣江大桥下', '2026-04-09 14:00:00', '纸箱10个', '塑料桶8个', '旧衣物5袋', '食品包装袋30个', '其他12件', '纸箱8个'),
(15, '水面发现工业废弃物', '抚河中段', '2026-04-10 09:30:00', '废弃油桶3个', '化工桶2个', '塑料管5根', '铁皮碎片若干', '编织袋8个', '废弃油桶2个'),
(3, '湖面有零星漂浮物', '瑶湖南岸', '2026-04-11 08:00:00', '树叶若干', '塑料袋3个', '饮料瓶2个', '纸片若干', '树枝2根', '树叶若干'),
(18, '湿地发现游客遗留垃圾', '鄱阳湖南矶湿地', '2026-04-12 15:00:00', '食品包装袋15个', '饮料瓶8个', '纸巾若干', '塑料袋5个', '烟头若干', '食品包装袋12个');

INSERT IGNORE INTO organism (name, number, exception_area, warning_time, content1, content2, content3, content4, content5, exist_content) VALUES
('大肠杆菌', 8500.00, '抚河下游居民区段', '2026-04-07 18:00:00', '8200个/L', '8350个/L', '8420个/L', '8480个/L', '8500个/L', '8450个/L'),
('蓝藻', 12000.00, '瑶湖西岸', '2026-04-10 09:00:00', '8500个/L', '9200个/L', '10500个/L', '11200个/L', '12000个/L', '11500个/L'),
('总菌群', 5600.00, '青山湖北岸', '2026-04-11 10:30:00', '4200个/L', '4500个/L', '4800个/L', '5200个/L', '5600个/L', '5400个/L'),
('隐孢子虫', 120.00, '赣江取水口', '2026-04-12 08:00:00', '85个/L', '92个/L', '100个/L', '110个/L', '120个/L', '115个/L'),
('粪大肠菌群', 15000.00, '抚河中段工业排放口', '2026-04-13 09:00:00', '12000个/L', '12800个/L', '13500个/L', '14200个/L', '15000个/L', '14500个/L');

INSERT IGNORE INTO radiation (radioactive_element, exception_area, warning_time, content1, content2, content3, content4, content5, exist_content) VALUES
('铀-238', '抚河上游工厂段', '2026-04-08 10:00:00', '0.05Bq/L', '0.06Bq/L', '0.08Bq/L', '0.09Bq/L', '0.10Bq/L', '0.09Bq/L'),
('镭-226', '赣江东岸码头区', '2026-04-09 11:30:00', '0.02Bq/L', '0.03Bq/L', '0.03Bq/L', '0.04Bq/L', '0.04Bq/L', '0.04Bq/L'),
('氡-222', '青山湖排水口', '2026-04-10 14:00:00', '1.5Bq/L', '2.0Bq/L', '2.8Bq/L', '3.5Bq/L', '4.0Bq/L', '3.8Bq/L'),
('钍-232', '抚河中段工业排放口', '2026-04-11 09:00:00', '0.01Bq/L', '0.02Bq/L', '0.02Bq/L', '0.03Bq/L', '0.03Bq/L', '0.03Bq/L'),
('钾-40', '鄱阳湖南矶湿地', '2026-04-12 16:00:00', '0.10Bq/L', '0.12Bq/L', '0.15Bq/L', '0.18Bq/L', '0.20Bq/L', '0.19Bq/L');

INSERT IGNORE INTO soluble (phos, sulfur, nitrogen, dissolved_oxygen, detect_time, site) VALUES
(0.1200, 0.0800, 1.8500, 7.80, '2026-04-15 08:00:00', '瑶湖'),
(0.2800, 0.1500, 3.2000, 5.60, '2026-04-15 08:10:00', '青山湖'),
(0.1800, 0.1100, 2.1000, 8.20, '2026-04-15 08:20:00', '赣江'),
(0.0800, 0.0500, 1.3500, 9.10, '2026-04-15 08:30:00', '艾溪湖'),
(0.4500, 0.2800, 4.8000, 4.30, '2026-04-15 08:40:00', '抚河'),
(0.0500, 0.0300, 0.9800, 9.80, '2026-04-15 08:50:00', '鄱阳湖');

INSERT IGNORE INTO percent (site, excellent1, excellent2, excellent3, excellent4, excellent5, excellent6, good1, good2, good3, good4, good5, good6, pollute1, pollute2, pollute3, pollute4, pollute5, pollute6, serious1, serious2, serious3, serious4, serious5, serious6) VALUES
('瑶湖', 45.00, 48.00, 50.00, 52.00, 55.00, 53.00, 35.00, 33.00, 30.00, 28.00, 25.00, 27.00, 15.00, 14.00, 13.00, 14.00, 13.00, 14.00, 5.00, 5.00, 7.00, 6.00, 7.00, 6.00),
('青山湖', 20.00, 22.00, 18.00, 15.00, 12.00, 10.00, 30.00, 28.00, 25.00, 22.00, 20.00, 18.00, 35.00, 33.00, 38.00, 40.00, 42.00, 45.00, 15.00, 17.00, 19.00, 23.00, 26.00, 27.00),
('赣江', 35.00, 38.00, 40.00, 42.00, 45.00, 43.00, 40.00, 38.00, 35.00, 33.00, 30.00, 32.00, 18.00, 17.00, 16.00, 17.00, 16.00, 17.00, 7.00, 7.00, 9.00, 8.00, 9.00, 8.00),
('艾溪湖', 55.00, 58.00, 60.00, 62.00, 65.00, 63.00, 30.00, 28.00, 25.00, 23.00, 20.00, 22.00, 10.00, 9.00, 10.00, 10.00, 10.00, 10.00, 5.00, 5.00, 5.00, 5.00, 5.00, 5.00),
('抚河', 10.00, 8.00, 5.00, 3.00, 2.00, 2.00, 20.00, 18.00, 15.00, 12.00, 10.00, 8.00, 40.00, 38.00, 42.00, 45.00, 48.00, 50.00, 30.00, 36.00, 38.00, 40.00, 40.00, 40.00),
('鄱阳湖', 65.00, 68.00, 70.00, 72.00, 75.00, 73.00, 25.00, 23.00, 20.00, 18.00, 15.00, 17.00, 7.00, 6.00, 6.00, 6.00, 6.00, 6.00, 3.00, 3.00, 4.00, 4.00, 4.00, 4.00);

INSERT IGNORE INTO level (site, level1, level2, level3, level4, level5, level6, level7) VALUES
('瑶湖', 15.20, 15.15, 15.10, 15.05, 15.00, 14.95, 14.90),
('青山湖', 12.80, 12.75, 12.70, 12.65, 12.60, 12.55, 12.50),
('赣江', 18.50, 18.45, 18.40, 18.35, 18.30, 18.25, 18.20),
('艾溪湖', 14.60, 14.55, 14.50, 14.48, 14.45, 14.42, 14.40),
('抚河', 8.50, 8.45, 8.40, 8.35, 8.30, 8.25, 8.20),
('鄱阳湖', 12.30, 12.25, 12.20, 12.15, 12.10, 12.05, 12.00);

INSERT IGNORE INTO statistics (site_id, water_quality_parameters) VALUES
('瑶湖', '{"temperature":22.5,"ph":7.2,"dissolved_oxygen":7.8,"turbidity":15.3,"conductivity":680}'),
('青山湖', '{"temperature":24.3,"ph":6.8,"dissolved_oxygen":5.6,"turbidity":42.5,"conductivity":920}'),
('赣江', '{"temperature":21.8,"ph":7.5,"dissolved_oxygen":8.2,"turbidity":22.1,"conductivity":750}'),
('艾溪湖', '{"temperature":20.6,"ph":7.8,"dissolved_oxygen":9.1,"turbidity":8.5,"conductivity":520}'),
('抚河', '{"temperature":25.8,"ph":6.2,"dissolved_oxygen":4.3,"turbidity":68.7,"conductivity":1250}'),
('鄱阳湖', '{"temperature":19.2,"ph":8.1,"dissolved_oxygen":9.8,"turbidity":5.2,"conductivity":450}');

INSERT IGNORE INTO water_amount (site, amount) VALUES
('瑶湖', 5200.00),
('青山湖', 3800.00),
('赣江', 65000.00),
('艾溪湖', 4500.00),
('抚河', 2800.00),
('鄱阳湖', 780000.00);

INSERT IGNORE INTO address_data_image_info (site, time, alter_level, pollutant, people, content) VALUES
('抚河', '2026-04-07 16:45:00', '红色预警', '工业废水排放', '张三', '抚河中段工业排放口检测到pH值严重偏低至5.8。'),
('青山湖', '2026-04-08 14:20:00', '橙色预警', '重金属铅超标', '赵六', '青山湖东北角排水口附近检测到重金属铅含量超标。'),
('赣江', '2026-04-09 10:15:00', '黄色预警', '总磷超标', '张三', '赣江大桥段总磷含量达到0.42mg/L。'),
('瑶湖', '2026-04-10 08:30:00', '黄色预警', '藻类密度偏高', '赵六', '瑶湖西岸检测到藻类密度异常偏高。'),
('鄱阳湖', '2026-04-11 07:00:00', '蓝色预警', '水位下降', '张三', '鄱阳湖水位持续下降至12.0米。');

INSERT IGNORE INTO news (title, content, photos, time) VALUES
('南昌市开展2026年春季水环境专项整治行动', '为深入贯彻习近平生态文明思想，全面落实长江大保护战略，南昌市决定自2026年3月起开展为期三个月的水环境专项整治行动。', '/images/news1.jpg', '2026-03-15 09:00:00'),
('瑶湖水质连续三年保持优良，获省级表彰', '江西省生态环境厅发布2025年度全省水质状况通报，南昌市瑶湖水质连续三年稳定达到地表水II类标准。', '/images/news2.jpg', '2026-03-22 10:00:00'),
('智能水质监测系统在南昌全面投入使用', '南昌市水务局宣布，覆盖全市主要水体的智能水质监测系统已全面建成并投入使用。', '/images/news3.jpg', '2026-04-01 14:00:00'),
('抚河水环境治理取得阶段性成效', '经过近半年的集中治理，抚河南昌段水环境质量明显改善。', '/images/news4.jpg', '2026-04-08 09:30:00'),
('鄱阳湖生态保护与修复工程启动', '为加强鄱阳湖生态环境保护，国家发改委正式批复鄱阳湖生态保护与修复工程实施方案。', '/images/news5.jpg', '2026-04-12 10:00:00');

INSERT IGNORE INTO fault (name, phone, number, description) VALUES
('张三', '13800138001', 'QC-PH-002', '青山湖站点pH传感器读数异常波动，疑似电极老化需要更换。'),
('赵六', '13900139001', 'GJ-CAM-003', '赣江大桥段高清摄像头自4月13日22:10起离线。'),
('李四', '13700137001', 'FH-TEMP-001', '抚河站点温度传感器数据采集间隔不稳定。');

INSERT IGNORE INTO admin (name, role) VALUES
('系统管理员', '超级管理员'),
('张三', '运维管理员');
